Id,Nombre,Equipo,Puntaje,Competencias,Costo
301,AWTUEJTKG,Ford,948.58,177,98957
73,XEVSQDUJJ,Dodge,1087.37,50,68827
798,AZTTERIHH,Red Bull,7268.72,5,40875
919,EQMJVDIUZ,Mobil 1,7686.18,51,90525
790,NTCPLLZXK,Monster,8312.86,138,36533
878,RMXHQQLAW,Goodyear,3956.52,65,76155
227,QTJTVUWKS,Porsche,2841.24,76,37456
292,TNDKYKAJI,Bridgestone,9257.85,103,68855
0,VQHCFBTYR,Ford,4539.18,110,46763
131,SYFITLESD,Maserati,7767.54,32,17676
250,CEQDRGTMX,Honda,1666.41,196,98268
850,YGCHKDABM,Lamborghini,8630.29,100,33144
693,UDAVPXWHJ,Lotus,1013.87,124,37924
806,NAHPRIHBA,BMW,6769.07,77,81586
431,TOBQDPCPQ,Michelin,7005.93,88,19944
552,HCRAGCFGV,Michelin,4916.12,27,57336
233,CVLBXSWJD,Toyota,9901.97,172,29659
547,JKRZNTDKV,Volkswagen,2037.87,187,74329
126,IMYKTYGVA,Shell,1384.70,30,59285
89,ENHVASVGO,Jeep,5585.54,197,22136
891,MNGOVYNXJ,Aramco,7323.91,130,25691
781,UFNCRIUVN,McLaren,2796.66,46,51889
679,OCZYLZFXE,Nissan,5122.44,57,94530
136,VSRHRWHCO,Alfa Romeo,536.07,75,58501
996,RTDFVNEAM,Sauber,5664.04,142,75778
707,FUCDELKDV,Michelin,6822.79,90,27157
328,BHSUTOXSU,Jeep,2624.12,145,22559
184,BLFZOPJVV,BMW,9081.70,179,58013
4,YWZYTWMGD,Hyundai,1277.63,88,41801
970,ERAXSBKSI,Pirelli,3532.41,139,27712
822,GWOCKVGST,Citroën,7884.67,19,55635
591,KRXEJJQOT,Dodge,8130.15,34,47563
523,GXPGCYFQH,Ferrari,6067.34,10,17240
567,VZACUYCMT,Goodyear,1257.25,119,78046
112,PPZTWIWAM,Ford,8676.21,2,21989
224,TGHWZRGKR,Subaru,8453.84,80,75090
123,EGDOOIHPO,Volvo,7989.20,61,86509
427,PHEQWVSAA,Aramco,5227.37,84,1964
558,DJXUAEDCG,Petronas,4674.66,167,81267
500,HMAEFKKTC,Bridgestone,9608.91,120,78722
887,RNGMFHOAN,Peugeot,948.45,72,22655
893,HXSHVGWEW,Monster,8263.60,165,97536
644,MHCFRPSZC,Mobil 1,9495.02,123,48805
354,YKYLOQMJN,Pagani,7101.88,1,99944
859,VFXIWRJKA,Aston Martin,1013.42,27,75354
647,JIWDWWBHC,Ford,1985.85,134,2217
588,YPVNGREHZ,Nissan,2330.34,47,59754
481,ZKGLNMUYD,Jaguar,4718.65,79,67498
949,OHWQBUOHQ,Haas,9216.77,118,64132
662,LIMGDJLUI,Volvo,3713.35,140,28917
52,KTIQDCMAH,Aramco,6733.09,6,65961
75,GOABUXFQR,Dodge,980.05,74,39031
800,LNZFNZEIV,Toyota,3994.24,70,1957
702,JXVZPOQFZ,Nissan,6033.08,174,9612
620,NHOKVTYWR,Aston Martin,6763.82,42,92960
639,UIKSTCEXY,Mercedes-Benz,9251.39,81,70141
820,ECHYNLBYL,Texaco,5164.45,194,15557
543,OJVJDBGKV,Volvo,5735.50,155,58752
286,CCLDDESLL,Mercedes-Benz,6498.34,94,22447
364,WCBPUHGAI,Bugatti,3518.29,69,69768
916,NQEOCHTPM,Shell,990.97,136,68811
648,POXNNGMNM,Lamborghini,9590.74,74,16712
537,UNCZSBLIQ,Kia,4185.31,120,37926
421,YIICGRBAA,Brembo,2752.93,190,95899
8,EORBNJOVW,Land Rover,6094.12,177,66403
855,ZJQAEGEFA,Nissan,4241.15,50,91713
122,EGKCRKVWU,Honda,3068.04,28,60984
911,BXKEGQGXD,Peugeot,9040.70,72,69952
570,IHQERQKOE,Mobil 1,764.92,125,59657
401,MRKKVQCPW,Sauber,1770.46,85,78149
768,CUGDIEHKA,Ford,4626.27,111,32684
789,ZDKBGXIMH,Brembo,7719.11,188,25076
195,DHHKMXDYK,Haas,3582.76,182,7321
942,YOYAAIWEQ,McLaren,9590.13,115,67537
886,OWBICDTTH,Michelin,5232.87,191,52864
48,DLWZMUAOQ,Ford,5668.78,199,44465
320,GVDJMSLBW,Koenigsegg,1765.12,154,17907
232,GCSUDTJKQ,McLaren,2616.38,162,89758
2,VOLEMIWVM,Jaguar,664.31,122,76764
86,QGJCBJLYM,Peugeot,1899.49,93,39396
594,WSUJJAQLC,Alfa Romeo,5238.51,45,82479
296,IPREMMKIC,Renault,6973.81,52,29508
190,EODWVHWAS,Peugeot,9497.53,13,42140
587,UIKRATBDN,Lamborghini,8458.86,58,26859
359,ZSBGQSKCJ,Ford,1255.05,60,33330
518,PXNGCDDAG,Aramco,4358.12,123,57281
118,SGCNAAZLR,Bridgestone,9225.20,109,25891
805,GCDOIEERJ,Williams,5870.24,116,51507
959,MPIUBKLAR,BMW,3084.51,64,8585
528,DRRNDNVUP,McLaren,9890.40,179,82674
97,DKSSAJYES,Nissan,8504.34,55,26500
168,BASZCLFCI,Chevrolet,5769.94,81,6972
987,LFFGTBRRX,Lamborghini,1073.20,14,81724
633,RXOJGGBSM,Citroën,1732.55,195,92722
304,XVFIRBYUZ,Pagani,5746.04,40,61237
894,NYMWUOJCQ,Land Rover,6189.54,120,81981
305,QIFRRJWXJ,Brembo,685.50,133,1501
975,DCJWIMPIY,Brembo,2716.05,190,98054
461,NQUMJVHMN,Mazda,9999.44,158,17758
434,GUYEXOHAS,Toyota,5408.94,156,73407
512,OPNFXDVCC,Porsche,3222.10,183,11191
3,QCWHSIZPD,Oracle,2021.16,62,71425
631,SQKDFKOXR,Audi,4165.18,81,10636
409,DRFVGBIUD,Pirelli,8429.88,63,70198
440,AXWJTBBZB,Sauber,9656.93,64,42663
559,JTFDACPLH,Hyundai,8093.31,172,82645
115,QNLXDLPVZ,Mercedes-Benz,3837.65,97,60370
977,JTSAKVCWT,Maserati,9027.76,36,95775
700,SPOJQICOY,Citroën,8187.86,156,89878
569,WHDBMAAOC,Nissan,6178.07,153,66864
772,COBEROERJ,Goodyear,6882.69,191,35573
242,BPXINYXMI,Pagani,8304.51,88,2393
572,NDGUMOBCU,Mazda,2050.68,7,53722
98,ONPXBVYKF,Dodge,8616.93,106,9776
701,NDMSWMSGW,Chevrolet,8488.34,61,78596
548,TYNXBLPAY,Mobil 1,2516.43,1,17092
784,YHXPXLOJR,Hyundai,3903.91,88,10708
832,SGLNMSVTU,Oracle,4277.95,170,71210
430,AFLTXCUOL,Hyundai,6452.70,126,66579
756,TFIDUGBYC,Aramco,3418.73,106,95720
611,BPOADWAHT,Oracle,6274.59,130,59296
743,XLXPTKZUK,Peugeot,9122.99,114,36299
155,BGYNNBUET,Petronas,7802.57,66,91428
961,NTBXIPOSK,Goodyear,9688.32,10,41063
389,EXCAOFSNA,Ferrari,3764.64,58,63734
416,OSJGCPJKX,Texaco,9519.36,163,5008
621,PXLYRVQVP,Audi,2641.66,133,74066
474,VRIQKHAPR,Pagani,8279.58,5,80814
180,AWXYDQIFJ,Jeep,9053.57,110,7790
708,ZCJAPZVQP,Alfa Romeo,1097.47,49,17706
551,LQULYSFDI,Honda,9315.29,74,43000
749,AOFPDTJVL,Red Bull,4985.29,30,51914
158,HTSVINCCU,Brembo,7982.02,97,93446
381,XHWIXMHJA,Citroën,6387.39,85,49177
486,DFYVTQCTX,Nissan,5101.69,197,55409
211,KPAOHINYL,Aston Martin,7394.47,155,40147
645,YYLEBLPLU,Jaguar,6416.25,29,88115
628,URQMZDXYK,Lotus,7840.02,176,69944
811,TBPTEGFLN,Bridgestone,4364.12,46,99050
56,AKIKAOFHW,Shell,6530.18,154,27761
522,NZSGRQHST,Bosch,8430.39,106,84017
116,WKLRJEJEX,Goodyear,7733.59,153,30587
271,CBHMZJDSZ,Ferrari,738.41,27,54275
557,VMICMIGMV,Petronas,8368.81,159,16355
816,VLWWOWJIB,Lotus,1662.82,68,19474
173,QFDTGPXGB,Williams,2388.79,132,41383
65,PEEIJGYQL,Jaguar,9304.94,181,23741
199,GCGNUNJIX,Aston Martin,1160.61,138,97204
260,WMIMECQAE,Land Rover,1236.69,166,60400
561,SOUEBFXGJ,Michelin,8971.83,153,14555
596,EADBJBVFM,Audi,330.17,131,68725
470,NOMOXRVDS,Renault,5721.40,154,25253
517,KIEERSWFR,Bugatti,8580.59,122,73737
154,TAPXYWNFV,Subaru,5655.28,20,31482
513,PMOBGGIJH,Chevrolet,7894.02,28,25611
848,ARPHACNTN,Goodyear,2913.40,19,42509
785,MJFMXGTYT,Lotus,9143.76,127,47041
255,FTJNILYGH,Mercedes-Benz,4600.19,48,81981
724,WDVACRQPI,Red Bull,8286.08,47,78921
948,DSZJEWTKG,Aston Martin,2955.33,173,49803
623,UVLDGCATB,Goodyear,5683.27,110,12376
478,TCCECFHYZ,Ford,2715.74,31,29982
514,GNBQTPFGX,Audi,7766.62,9,71893
629,YLSEEIRYI,Land Rover,8610.81,200,62378
638,BRMNBGIRD,Williams,1404.18,163,8783
687,FNABOFRGY,Petronas,4774.23,38,39283
379,OXMMSLUGH,Chevrolet,3118.21,84,85038
652,WAGOTILFD,Bugatti,9419.12,78,24590
780,JXYMIYRAN,Hyundai,6.83,69,69908
371,OJOVZTRME,Aston Martin,3635.66,35,56546
139,ALJPVIWIK,Mazda,8576.66,75,93428
995,BOYVXHJBO,Lamborghini,9559.29,107,20698
677,AGMCRIOLH,Monster,9816.79,108,72079
264,EUUARIWVY,Shell,3154.11,147,36641
831,BOAORURFM,Maserati,7603.24,93,37661
555,YEAMCTTQW,Land Rover,5257.20,196,12289
880,YULTNEHML,Pagani,1692.94,7,7436
402,HKEIKIVEG,Volkswagen,8941.65,141,54843
201,UVZOUHSDU,Citroën,5441.60,86,29251
542,JVTTVVCJP,Maserati,7164.32,116,29528
148,GGJQQEPEQ,Goodyear,8902.48,182,99470
699,XZJIYOGNN,Oracle,4976.59,157,39002
971,IUESZHBHJ,Mobil 1,9044.88,161,23719
358,PPGCNVHWH,Oracle,6117.46,97,83513
243,EOBKHKKBK,Aramco,4375.99,74,21163
398,AROIGXWJD,Chevrolet,8214.28,33,3169
787,LFGIYSSFG,Ferrari,2940.01,15,61460
952,RDKAIKSLJ,Bosch,8283.37,23,44345
127,QPHYPWMIB,Mazda,8470.25,122,1993
452,PQADAERFF,Citroën,6544.84,87,95720
600,MALERQDJF,Subaru,5106.46,13,86647
262,NUCQUACFO,Brembo,5699.67,177,73066
712,INZFSDURX,Shell,4818.97,112,15045
85,NPZGCVVPS,Aston Martin,7319.23,174,36494
540,CIMUHIKQW,Bosch,4423.65,126,52152
353,UQEFMZRXP,Kia,9173.14,195,50832
998,JMFMUWFAC,Porsche,9885.33,177,33296
344,NBYYQVGTG,Williams,874.85,123,78907
696,HLRMZMJPO,Alfa Romeo,6622.92,46,45409
944,QBXFCWVCY,Lotus,4377.03,71,94220
770,NAXVCCPLF,Monster,7266.47,161,28564
851,SAOAWQCJD,Ferrari,1279.70,88,14764
580,LYRAYEWUE,Land Rover,4909.09,101,79875
480,BHAFOTHTA,Lamborghini,6153.76,10,27393
608,BJZPNBFZD,Bosch,7658.96,180,75406
185,LHWCVMIUK,Citroën,4761.59,52,6162
808,BUOJAEJJT,Lotus,352.25,155,38879
84,AGVDGKCUY,Dodge,7144.52,135,31067
441,XUIDSLEZB,Kia,862.80,46,6631
804,BPHQCAOJT,Monster,2767.29,51,87278
405,EUYDWECFN,BMW,8020.11,182,99464
55,GOOIFUPTE,Pagani,5987.78,81,61997
607,IVKXIGTUS,Volvo,4118.20,78,39295
843,NAPKONAZY,Jaguar,364.30,19,63461
669,INSRSLEQY,Monster,4489.75,17,25610
985,UJWWNAMKE,Lotus,9443.44,181,38243
437,YDAZOCGVY,Lotus,8624.16,144,8493
219,WRTORZJIU,Porsche,2624.43,144,72902
908,CUDIYKLXL,Aston Martin,7683.67,169,44064
383,JMOZBLIZV,Land Rover,406.02,27,71271
625,SDQIUMGIP,Castrol,9252.84,200,8752
318,NAPEAIMRD,Mercedes-Benz,4426.74,58,95764
368,NCVJSUNBM,Red Bull,920.51,36,68322
363,ZZPGTMESR,Aston Martin,4815.44,142,76660
339,QLUXSMBIH,Nissan,396.59,129,82959
58,GKTMEVWPG,Citroën,258.65,162,97446
482,UVERFFYIM,Oracle,4173.53,195,10955
828,ENQTBMJAT,Land Rover,6536.35,16,52577
885,BCVGXJHXX,Mobil 1,641.73,97,84847
714,HCAUVKHWP,Pirelli,3734.32,10,33883
626,LLXHZDYMW,Aramco,378.31,55,3542
776,RJPYVFWSM,Red Bull,5120.83,35,37772
764,WLZBCJNQN,Kia,228.13,174,39899
193,QQMKNUVDI,Honda,9422.15,58,13332
47,UKWOCGNRG,Subaru,8109.68,113,10098
214,JSXNCJLXL,Pirelli,4877.23,134,19609
936,SBHIRDJQA,Koenigsegg,7060.45,132,74256
442,KIZZOBYMM,Peugeot,678.67,79,44108
837,SPTJMMZTT,Volvo,23.26,152,91037
690,AOSXKEJGH,Mercedes-Benz,469.84,122,12848
293,PGPCFAZLV,Lotus,8391.87,187,48412
614,XVAKQEBFN,Hyundai,1548.63,34,75306
303,BFEANEXGZ,Toyota,2358.21,95,34782
750,CBGIUWGSM,Koenigsegg,6710.09,92,28676
249,QWHVJACAL,Aston Martin,4747.23,110,77860
741,NIBYEXVSD,Pagani,7414.40,141,36030
332,ZQCLGNTTB,Volvo,1309.94,154,62620
53,GFMIZYADG,Volvo,9789.12,61,4752
497,SDBTRAVIG,Mazda,189.23,125,63719
78,ASMNBRVVB,Peugeot,1142.91,17,33771
953,GBVTIDDBE,Bridgestone,7173.44,130,86127
646,IYYEMKLPR,Koenigsegg,47.32,169,38509
178,RKCQDBYER,Volkswagen,6859.06,75,40845
774,PXVFOXVPB,BMW,5056.16,104,25410
12,NQIMDLICU,Jaguar,6318.95,148,32463
801,JSALUNXXZ,Peugeot,9766.92,168,14642
166,RGAXTYODU,Honda,5317.91,147,71865
642,NNILDSQOE,Hyundai,6247.83,61,52183
830,HHHCBMPTH,Honda,2330.87,112,45056
876,REKGCEOLL,Sauber,5315.24,170,72762
418,LMWQLKJUS,Sauber,9695.07,173,40909
860,SOWOSLRZY,Porsche,3188.69,26,66881
782,NYLENUENG,Bridgestone,8160.00,85,63096
538,UQGLYBXMM,Michelin,965.20,167,50392
15,HXOASBJLK,Peugeot,822.84,169,97728
356,ODHMJIWJT,Bridgestone,9627.19,92,74870
220,WJULMEVCQ,Maserati,9196.50,154,10639
174,GQMNGWTYF,Lotus,3125.49,167,49958
321,PMOCRIAQL,Mazda,1271.37,135,66382
716,TGGYKNCMH,BMW,9418.16,157,28629
463,LXURDKJXY,Chevrolet,9942.50,50,89331
499,SJQYVJDYE,Alfa Romeo,3326.35,39,13752
462,BXRWJWFVR,McLaren,1984.36,3,83610
668,LYQBFIVNW,Chevrolet,7077.34,71,90095
390,CTCUHBANE,Hyundai,3544.54,177,70386
681,TUKOHYSGX,Porsche,4454.55,65,68197
393,XWYPVSBOW,Maserati,7965.30,86,51702
43,HCUVAPCWM,Renault,4434.71,27,87652
189,UEXJUEYRM,Volvo,4180.98,159,56259
222,HKJYLFJGS,Alfa Romeo,8540.18,168,54411
759,YONTLWVZK,Mazda,8431.20,7,49852
613,BBOGPRVGR,Mazda,8844.68,112,16271
273,ZNZLHDOPP,Renault,102.32,150,97733
501,AVCLAWWQU,Williams,4536.59,50,6867
711,MJIIORFQR,Peugeot,2726.83,146,66198
791,RTXEJWJTZ,Texaco,6616.04,156,64526
966,YVSNGYWVA,Volkswagen,877.57,5,49971
446,MVIWTGIWE,Mobil 1,8057.54,159,53203
413,DTOBXDYOO,Brembo,5614.53,162,65283
945,DVMXLHSCF,BMW,1393.72,3,72613
235,TUSEAUBNX,Castrol,5796.81,82,78616
349,CQPZFEYQY,Volkswagen,1964.89,32,99944
311,LPNQXPHSL,Bosch,1998.37,111,26518
376,INPFMLFUH,Jeep,3297.20,114,53858
732,JBYLGNCGQ,Williams,5900.20,36,6306
703,OKVROKUCD,Volkswagen,5417.02,78,10891
562,UEEJXVMWC,Koenigsegg,4879.07,51,37229
120,ARDKHVQLK,Petronas,2388.77,44,16559
684,UYEYBRAMX,BMW,1797.36,120,88410
898,HORCDJRUP,Goodyear,5947.39,190,47556
170,FCUSWXSQW,Williams,7807.25,94,87950
336,LPRCWVOQT,BMW,6335.89,36,45092
655,WMBLWAZYE,BMW,3633.04,73,17400
245,MAYPYEGBO,Sauber,8365.77,76,36869
151,ZADJAVJFM,Hyundai,887.06,198,70724
826,UQZFKDRFO,Lotus,4578.65,107,58751
278,XCYRAUZYJ,Volvo,9142.46,164,21286
529,ODJEWJKTB,Michelin,6022.43,62,24355
17,KSJBZQANQ,Volkswagen,6864.04,196,56622
736,LTSUAUYEA,Michelin,9077.39,22,18254
417,LNDUEEUCT,Alfa Romeo,7457.93,46,5286
495,ZAPEOLOJO,Jeep,4715.95,102,10087
404,GPPSLYEQG,Castrol,7634.96,91,11234
686,AMHVJBTPZ,Sauber,2095.26,44,3388
425,RCCDYGSZI,Jeep,2414.17,7,23176
917,RZZUCCPTJ,Sauber,883.33,34,19754
598,EXQNZUPEX,Bridgestone,5553.31,6,23094
387,BSYSXHNHF,Hyundai,5753.89,199,48820
258,RBTAFNWQH,Audi,2190.81,160,37509
632,SZGEGQNRF,Sauber,3827.90,96,58889
140,OLZPKVRZD,Brembo,5765.69,47,64901
297,YJPAXIWVO,Ferrari,1031.23,126,61385
666,SSGOXNVKG,Monster,2201.37,100,84952
744,XZYJKADGM,Mobil 1,5896.91,7,70292
471,UYYIFUIXY,Dodge,1230.93,31,3307
269,BRQOSLWRG,Honda,692.02,113,36596
733,KVFBGIKOC,Porsche,4826.75,148,11687
566,UGQBHJJVE,Petronas,5029.27,156,73516
671,UOHOTQBNH,Shell,9667.97,173,5445
121,ERAGIRMPR,Subaru,1727.87,132,88762
157,NSFSKGBIW,Lamborghini,6113.06,133,39901
661,OSJKFAWBF,Kia,4020.27,117,40679
411,PXRKNVBUS,Michelin,6159.94,87,27057
604,PRXAFGKAX,Jaguar,7999.00,149,79533
137,WFNCZEUEA,Goodyear,9430.87,193,84439
60,KLKFKSRDE,Renault,3546.12,92,32243
849,CZNLBKVGD,Michelin,4958.31,137,13480
595,WENAINJZC,Chevrolet,6558.89,127,41610
609,FZBXCMSOJ,Ford,8854.00,59,71677
83,WNLXGQUVK,Brembo,7569.42,43,39839
18,AZGIXFEPZ,Bugatti,6497.33,16,88984
988,AIXMXHFCZ,Michelin,1522.58,105,2646
306,DMLXBIUJS,Ford,5990.72,35,19891
392,LMBZNFUPZ,Dodge,3171.88,112,40678
39,GPWQYDRZB,Sauber,4756.11,162,56156
14,MOFHNSXYH,Land Rover,491.05,184,78753
342,XGBJVBZKT,Aramco,2850.99,119,26468
275,REPKXQXZD,Hyundai,280.02,195,19908
853,QCBSYTUOU,Alfa Romeo,2495.66,105,39569
839,XKFNJYCFJ,Land Rover,6121.57,9,50197
615,DJMUBNXRT,Aston Martin,8498.62,125,34925
484,QFZGQWDUN,Porsche,8098.17,48,77724
87,JAEWJRNIZ,Petronas,9919.67,73,51802
583,OTSLXCLCH,Bugatti,6418.41,69,85300
448,OVNNGBIOZ,Aston Martin,8333.12,172,33551
395,CCRDSQZQF,Nissan,4818.07,147,72601
423,CNZZKAKUC,Oracle,980.84,169,52251
447,CENSKKZHW,Sauber,2702.71,157,80418
407,WKNAHSUFX,Hyundai,8026.15,198,87835
877,CJTCYEOZR,Subaru,4851.67,169,98579
312,JJLJLVNBP,Volkswagen,4365.65,9,52110
619,ISBUFZUGL,Jeep,4740.95,168,10990
654,WSPPANSID,Citroën,4241.16,75,22775
142,CAMHFASEP,Oracle,2683.88,197,15580
903,KWLYGCMWO,Castrol,1480.93,23,77704
362,EQGZYEBET,Ferrari,5033.58,33,54274
761,LAPOKPEZI,BMW,3156.13,162,9299
710,CPYULYWWA,Brembo,1732.03,108,86655
265,JLHQUUSSJ,Castrol,8792.62,183,6351
705,GHZKGNUBE,Bridgestone,9122.19,47,51718
369,FTNIITUCL,Mazda,709.23,26,76701
578,NWWXHPSYW,Land Rover,3430.53,54,46520
727,KKVXSCQEV,Pagani,1445.69,88,9896
298,CZRVGBLZF,Monster,2223.77,123,98215
279,TKVMGSVAJ,Petronas,3858.31,173,27777
589,LKDIFZSRQ,BMW,1307.80,39,55230
960,FQRNDCMJH,Peugeot,6380.40,153,65609
49,IRHBJDNHT,Kia,6173.00,75,44407
145,GACQIJQZV,Mobil 1,474.91,125,2576
453,ICDATNWGE,Jaguar,6692.24,136,75579
104,OPWSHLRPM,Renault,8402.36,73,34300
167,HBUHRQLWD,Texaco,2566.82,99,18685
845,TBHPIVRXH,Volkswagen,7647.94,158,15337
657,KZSASOMVB,Red Bull,7380.94,105,72398
454,TXMJTDBTH,Williams,4973.01,11,67195
723,DYDDINIEH,Jaguar,6958.66,63,91171
340,YOPQBEMXH,McLaren,8992.36,193,16271
443,QLDHBACKE,McLaren,2950.35,55,12214
719,TJQJJDBJA,Aston Martin,3652.59,175,5035
794,UGJEJLUYP,Pirelli,1152.96,8,72022
366,ZCHQKGSOV,Bugatti,279.45,18,36032
22,CYLPCGVWC,Peugeot,942.34,107,95957
574,KQBTHOWNI,Jaguar,7152.51,195,10420
796,YNCNEZVND,Sauber,3474.49,146,82004
469,UYSBQWUPB,Oracle,4119.35,4,73486
950,YPBZAERCP,Sauber,1890.26,43,58771
277,WHUPMLVDY,Texaco,1419.62,8,19809
352,RBTVHFNOM,Mobil 1,7955.04,96,23607
324,AIOQPXYLM,BMW,7354.27,171,94750
549,YSDQBMCUO,Pirelli,3562.02,196,60442
94,DAUJGJVLA,Maserati,2239.19,164,60694
675,WJSWJDOGK,Monster,5458.48,69,4969
171,MEAKHXLAA,Monster,895.42,50,15840
466,RQXWYETQH,Peugeot,8541.65,28,71797
153,DFPSGRSKA,Jeep,6875.67,130,45310
44,SIOERUUUW,Ford,8175.67,127,68759
603,EUZADFXUD,McLaren,4710.77,26,59170
521,JXLJRQVXX,Citroën,6348.94,170,23348
982,NLCHBDOAR,Mazda,7388.96,26,32316
212,KWVCNRBAZ,Aramco,4154.98,23,30030
694,TXOALAUAP,Bosch,884.08,40,5077
643,YIKGDTCDB,Red Bull,6148.02,126,67819
146,VWOMUXPML,Volvo,8503.27,15,25444
884,CJPCBAJDY,Porsche,9341.74,183,16385
994,KYEYHGBTZ,Lotus,7880.68,157,84823
338,NUWDIJUZN,Aramco,8124.50,163,1424
503,TRTKFTGJG,Kia,5445.47,86,51973
943,VSRVZKBRI,Volkswagen,5924.32,51,42991
373,RZSAEILUG,Castrol,9459.32,94,20201
33,MEECXXCYM,Lamborghini,6617.63,113,41719
799,LJDKQTPVY,Subaru,857.58,164,29028
436,ELUYQAUQG,Bridgestone,3152.98,47,73823
841,WOKLYJYEW,Monster,3579.08,140,23578
483,DGIPSJZZX,Haas,7841.49,44,5272
553,TFOBZBTTN,Subaru,8260.95,35,42970
108,YOTQQUUCW,Petronas,9279.25,55,35891
59,BEJAUXJHH,Petronas,4202.71,60,99252
568,AFVOQRUJT,Nissan,4284.32,185,7838
197,FWMIERRND,Audi,1546.29,147,92821
688,JJWDWWQDR,Porsche,919.63,41,13165
610,NQGMVHXUY,Haas,5164.10,124,5369
263,LCYOQUNDX,Alfa Romeo,4834.02,119,96375
348,JXJWUQTVQ,Mercedes-Benz,1968.52,55,99147
129,FUZQIPHPN,Ferrari,5546.76,162,16288
61,GYQTGUAPU,Bridgestone,8556.36,63,66780
590,ZOSEUSWRH,Koenigsegg,8335.96,174,98016
391,UMTDAXBEA,Subaru,1271.71,199,83912
730,NPABBSRCL,Volkswagen,1487.23,186,73504
90,ZTTUCQQTF,Maserati,7014.11,72,62405
775,PQBQMBPAR,Koenigsegg,5680.11,155,82924
92,NKERAEMTY,Mercedes-Benz,1202.07,161,41517
674,EBDSNFXYO,Red Bull,2845.38,113,18818
984,FUHXTUKXD,Volvo,6895.29,76,14792
516,NXYDTESWW,Toyota,8860.35,179,99304
957,CQZFKZCYC,Haas,8517.90,154,30107
216,YSGEKRWJE,Alfa Romeo,7923.36,89,58972
169,VZRBQAFKH,Jaguar,786.54,120,6217
254,WAYNZGBGJ,Monster,6434.88,165,88641
457,TPPTXWEHD,Monster,9209.45,46,8260
606,AOKBDBSCD,Honda,3790.83,58,65694
846,KFRLKATUI,Pirelli,9311.40,73,95116
928,CLRQFRIVD,Michelin,4426.25,105,57205
6,SLFNDFKEF,Monster,7783.95,23,47827
299,PYFVGEEVE,Pagani,6190.47,77,96552
842,PQIBAWVCO,Mercedes-Benz,3323.47,102,70646
819,KGIZNGMIG,Renault,3365.56,63,26307
852,ZJTBURKXB,McLaren,7683.26,166,98011
627,QKSYYMBQX,Goodyear,197.35,16,74357
334,EMSWRTOVH,Lotus,1889.88,11,83629
162,BNEJJOHUR,Porsche,5093.21,75,57819
406,LLKVATKPN,Porsche,3524.67,187,43579
365,AXKEBKETS,Hyundai,2626.73,179,46143
809,RKGHFDQFF,Koenigsegg,4398.16,37,87684
685,FQRRSTXLI,Mazda,2852.69,129,34622
980,ZFXMAGIMV,Volkswagen,8023.26,78,18159
840,MTAQGAFZI,Monster,9525.90,161,1120
209,FZRBAERQF,Mercedes-Benz,6469.00,5,95460
19,JFVYDHQML,Pagani,4848.46,86,70220
751,MKTSNVISN,Red Bull,2779.07,151,14474
68,LFFBHTCZS,Petronas,9292.59,169,42574
890,EJRDVEMFP,Aramco,7104.94,155,13112
192,OZERMLHPJ,McLaren,9371.58,118,47602
149,PAFRHLNDO,Bugatti,7245.32,142,61758
747,OSQQLWKYI,Texaco,1683.91,125,23125
307,MFBDVULDL,Aston Martin,9587.14,76,2838
370,AWVFKIHHT,Subaru,146.98,154,55880
511,SHDZVJGOJ,Alfa Romeo,5669.43,69,72259
77,PLFSINGKO,Porsche,1977.91,174,41132
5,DFXLHONGV,Jeep,4797.52,89,13956
377,XGMWGSBDS,Mercedes-Benz,7054.22,96,30169
571,BCFFEDOHE,Red Bull,2098.93,200,20654
964,EGNBYIWTW,Alfa Romeo,3719.05,24,17257
382,EYLRGGBJX,Bridgestone,4799.63,8,64859
734,BCEGMNJMY,Ferrari,1513.19,87,9432
508,XJRJWDBOT,Monster,8483.71,130,85397
308,XUGGNJUAI,Shell,321.99,43,31584
285,RTHBEJAEO,Aston Martin,1260.13,63,81605
181,AXEAPLPKK,Lotus,2438.95,126,49549
282,NVASIORSX,Peugeot,6516.44,29,84102
930,EHHJPMWHC,Monster,5223.92,142,78446
956,ZECOTLMKG,Jaguar,3237.47,151,53670
283,CYZDLBXVU,Alfa Romeo,7853.47,200,58329
825,BGRXCIJFY,Aramco,1571.26,6,83963
506,MSSPQTMSV,Mazda,8370.52,161,15137
974,SBJQGVMMX,Peugeot,7487.30,162,41623
530,VTGVALOUA,McLaren,5478.09,3,63266
252,GMFDFHJWN,Red Bull,8501.20,43,2799
42,GQAAULVBD,Maserati,970.42,171,93011
534,IPBXLNMTY,Dodge,1467.15,188,72160
397,SHORIQTCT,Aston Martin,7611.28,42,78455
560,OCYFGDQDY,Jaguar,3567.34,200,15737
81,CVPSUNACN,Chevrolet,9214.76,28,57587
939,LDLQORVJQ,Williams,9485.48,176,63705
26,WKOOCYYKQ,Michelin,6815.31,114,47594
109,ZURLKLSFQ,Honda,2020.43,149,41075
289,SGDHHWLDW,Mazda,9636.69,168,70739
757,ICOMJVMJB,BMW,6040.38,45,49731
315,ZRGDFSLWW,Bosch,32.16,130,72621
889,QXCIZVWFH,Hyundai,1048.88,154,24875
737,RAYVZOEXP,Koenigsegg,1599.55,59,1376
238,YIBTTQKDC,Monster,9280.32,152,36386
760,XXMUKMZNX,BMW,9899.68,103,5530
95,REBHQUKBO,Lotus,194.41,148,44763
858,OBFLVCZUZ,Castrol,3903.81,80,74336
742,CUTKZTOMF,Jeep,1155.66,71,79588
403,GXJHFVARI,Ford,6038.06,195,76635
424,ODCPYLPXS,Jaguar,3221.59,25,92259
544,WLJZUSUNO,Shell,631.20,181,8776
575,XGGEPGNEH,Ford,4857.22,193,85859
929,UJLXWNFEJ,Subaru,1594.90,150,11580
11,WPIFOQURU,Dodge,6422.05,164,16838
938,XTQJXIMGS,Goodyear,1260.95,100,8166
38,KRTSBQAKF,Mobil 1,9176.13,30,56279
310,JEOSJNOPV,Castrol,1765.87,10,22110
464,HVSBPTYHR,Maserati,4351.67,123,94272
545,ABVBFLLAW,Lotus,6460.41,51,62157
204,OHQTGEQHJ,Brembo,5035.05,90,19706
817,WNTYEVNUY,Michelin,8731.91,44,51944
815,ANNDUZTBJ,Aston Martin,7274.22,147,55380
550,LDYRPTPCR,Haas,6530.21,81,82896
228,CTVTRZVQW,Mobil 1,1196.30,167,71558
582,GCCMNNMEP,Chevrolet,6489.56,14,62983
314,CMIOBUAND,Dodge,2979.24,153,38268
748,NWXQJLXOH,Shell,2211.73,138,5434
1,KRUTPTQZP,Aston Martin,26.65,7,77716
66,OZSXAGFQB,Peugeot,1363.47,7,28659
914,ADKFVOPNM,Shell,2160.70,110,1051
80,FYQBRQTFG,Chevrolet,8869.37,162,47564
680,PRAMYCVEJ,Kia,3183.17,47,15583
96,GZIIXLIRU,Mazda,4737.87,52,12248
313,MGPCKCRAS,Kia,9678.79,155,58090
119,RFFXFGKKI,Maserati,509.72,157,24009
725,HTMSUPQXS,Mazda,4009.30,101,75849
215,QZXWVXIJQ,Williams,9621.24,28,26599
597,JBHBWDHLG,Castrol,3839.40,4,79392
208,CXYMZKQTQ,Citroën,6498.79,186,8172
426,EMNKHDPKT,Land Rover,8078.75,187,95049
290,FOLXSZCDE,Castrol,1429.62,66,7581
72,WCUDGSULP,BMW,2965.62,16,33678
653,ZMADAFINH,Maserati,5133.85,140,90276
266,NGGSOMOIO,Peugeot,5320.72,74,64844
827,QQIECKKTJ,Bosch,9346.48,135,53524
479,DHLRTNKUH,Porsche,1748.99,109,68310
740,XENKAIZGB,Bosch,3521.78,30,89591
225,IBNYDUDVW,Chevrolet,5751.93,60,75680
420,WYKBVXPRO,McLaren,8324.54,96,67898
35,OVNGFBKKF,Aston Martin,2504.75,181,84767
256,RULUZJWZY,Monster,3581.21,20,60937
717,LPAXKBQXY,Chevrolet,1879.58,151,21530
519,DMGHEQRKV,Bridgestone,3679.68,152,86445
103,BSFLDSRKT,Renault,4831.92,44,82577
640,KFIJLLAYY,Nissan,8072.86,137,82416
415,ZXXOGDKVE,Petronas,2728.86,146,83689
795,TZIOFQDOH,Subaru,3614.32,46,96336
507,YWOOFCHBI,Bosch,8562.97,130,61410
754,XYCWHFRKD,Mercedes-Benz,9166.69,159,21877
835,ROEEFVKEH,Goodyear,4721.63,97,63075
634,WXQGSJFYN,Citroën,8089.84,129,43581
527,AGVPMSWEK,Citroën,5798.11,186,93507
325,DULCWCPJD,Goodyear,60.22,176,31090
329,NOFGEIQKM,Volkswagen,634.83,53,92229
672,ZDJJZFJKQ,Dodge,1447.94,137,26077
346,FXBAIODGO,Michelin,6952.42,48,27501
459,BTDPJWEAR,Mercedes-Benz,1811.25,150,34532
504,BWAAMKXFU,Bugatti,9914.72,165,58757
24,JKGSQKQBA,Koenigsegg,993.45,108,24362
658,CBRQOEOTD,Aston Martin,1311.71,130,39212
554,WBQHEXLXA,Ferrari,5275.39,196,10467
579,XZQQSBTQA,McLaren,9804.00,126,62880
25,MCIOBCNYH,Volkswagen,8191.36,107,42507
718,WZNORIUXG,Dodge,8466.40,113,40667
946,XKGHCXKZE,Aston Martin,5499.09,97,42342
892,CMIASOJMR,Castrol,8813.06,128,4846
823,RJDQJROSW,Citroën,3165.52,61,57309
240,YPZIJXSNS,Monster,1204.07,135,99883
213,XMOTLYKNO,BMW,2367.65,20,7419
921,EKDGRJWDS,Pagani,3877.48,66,78480
439,AAEQWFUXG,Koenigsegg,3304.35,140,3429
13,NGTHOPYZW,Michelin,6039.31,38,11174
997,FEKULLKKH,Porsche,7452.23,151,26145
419,JXUHTFWWB,Texaco,3815.23,42,95206
967,BKIGJRTXC,Lamborghini,965.06,12,23886
152,GOGZCNHBH,Porsche,4309.40,173,52571
125,PMSCEXKHN,Peugeot,7847.53,99,70918
624,ERLQZSITJ,Red Bull,2387.07,84,7308
612,COPIMEYUS,Ford,9012.03,48,81215
783,BFZLMVSCX,Jeep,9782.36,48,94768
881,ANFNQYFKU,Brembo,2210.19,75,47870
993,JNCEJUMQW,Volvo,1862.71,199,91944
769,KUMBUSHXR,Bugatti,180.88,137,92656
810,NXBRFELVN,Mercedes-Benz,8232.65,49,55389
295,RWYGVNOLR,Red Bull,7485.75,84,22117
476,BDWTRTLBJ,Toyota,5722.74,99,92579
458,RTSIEVSMX,Volkswagen,7841.78,131,58653
327,DKGBEJYRN,Honda,9330.07,121,2424
496,OUTAQDGYB,Chevrolet,5985.24,117,19824
868,JJLPQWZLN,Renault,5624.53,88,22390
847,VKFTPYWWP,Oracle,7863.07,118,87704
539,GYENFYAJX,Bridgestone,679.76,185,34634
493,UISDUKTBT,Goodyear,2202.99,122,45847
933,QKYDJCEIE,Goodyear,699.52,62,15648
900,OALVXSLOX,Mobil 1,2624.17,9,6192
494,KEIYUMCJG,Sauber,3801.48,100,67425
704,LPVNXGMTG,Kia,6646.37,167,14609
709,HWAZSFUUK,Bridgestone,3547.65,152,31591
912,BJSYCFNHG,Peugeot,8145.56,27,38080
870,CBRKECVPT,Haas,3055.01,110,58576
234,PZMANVEFP,Texaco,6862.74,113,57852
541,GVESGKSLA,Texaco,4355.03,119,75375
186,ZRAUNEHUD,Aston Martin,7993.78,91,65899
380,TKDPAQRRI,Citroën,4394.47,154,99821
16,ZWQSCEIJN,Michelin,4646.57,6,34008
164,WRHWKIKOR,Ford,1861.65,155,9313
375,EFXAVQBPQ,Maserati,1197.12,138,22256
636,STPUBLTUR,Williams,9524.77,89,14297
973,ARZKTHGZC,Toyota,6786.89,106,25216
69,INYPAPWDI,Jaguar,4784.47,120,3483
270,BTZWRTZFM,Nissan,6842.00,119,99443
641,JUXIZTQKO,Toyota,3652.76,3,29625
198,XYZEVEEIO,Sauber,6364.19,125,57483
617,WAALJDUVZ,Pagani,2185.72,88,48470
226,BAYXYSGIQ,Porsche,7015.23,87,64652
99,SGPHHTUCL,Lotus,6890.79,33,22195
36,VGHNRLSCJ,Nissan,1448.37,169,66998
905,TPHBBTZPS,Ford,272.37,193,10436
196,DZMINVEEA,Honda,2674.43,70,17902
913,CZMESPEET,Mobil 1,69.71,156,49950
88,XWOMVGUEJ,Texaco,4248.30,167,90269
272,JYRZQVTRR,Bridgestone,9467.72,132,20846
616,ZSXTAWQCG,Lotus,774.15,112,69132
739,VVNGUGGSB,Michelin,6693.30,149,34409
976,TMTYDNCOE,Jeep,1866.33,9,77661
773,AZNOJFUEJ,Petronas,1577.41,178,96502
926,ZSOMBDTVV,Toyota,6839.67,86,74951
771,SETCAFWPG,Renault,5216.53,41,33789
934,WZZVPVFJQ,Aston Martin,9070.09,189,63106
941,TDQWBBCNU,Aramco,7407.36,66,79400
472,XKFKEVZSL,Jeep,6313.45,57,68906
34,DDLWYVZSG,Petronas,5238.01,147,83244
207,NNOYAVLWI,Alfa Romeo,4078.23,158,76886
531,YWIZOWCXC,Brembo,2931.07,187,92317
64,MGNUKLFVM,BMW,9077.34,117,42679
102,PYFZZLZZW,Michelin,1253.92,114,50745
836,RCHYDRERY,Pagani,5376.29,5,92886
347,MYIUMZDTT,Pagani,2138.29,85,79580
697,FVPWOYBUF,BMW,3027.77,158,25338
584,CKOUYXXCJ,Jeep,3427.39,180,60465
535,XKQONBXZL,Chevrolet,3758.91,54,92668
130,PRMCRGRIY,Peugeot,3835.71,122,34741
962,TSTOQYEJN,Lamborghini,270.58,171,75225
676,FVKPZQSFK,Nissan,2353.62,149,54717
910,NPDBZFVEP,Shell,1294.94,185,5523
159,GMXKZMCEF,Texaco,3213.04,57,19829
51,MPCIBKZLO,Kia,6285.54,46,88089
812,VEIFOWERN,Shell,2959.38,165,39536
135,RRFUNOWRZ,Pagani,7767.24,147,77185
210,WXNFJRFHD,Renault,6376.10,187,50468
200,FVSLBPMAT,Aston Martin,3671.08,122,61160
40,KTHSFRJAL,Nissan,7584.88,70,46294
738,TNFTHQOZM,Mazda,636.77,178,2547
253,AIWVNVAPO,Shell,2964.97,65,50280
438,DQGAVKNRK,Goodyear,1418.26,35,82357
300,UTMZYOARK,Haas,474.05,178,3079
50,UUVFEBQAA,Bugatti,3691.54,195,35699
533,LJKHZKEHJ,Lamborghini,5150.00,13,77643
954,HYPURGYDJ,Jaguar,7807.91,190,95040
715,ZTLXYEFBS,Aston Martin,3903.91,75,51267
969,DGIZVJLGS,BMW,3390.03,180,58199
650,AVMTLBJJO,Dodge,7364.15,99,22428
449,BCOJFSOTK,Mazda,202.97,101,71520
767,FGDZOLJDB,Honda,2336.76,124,83243
873,GORBQVEIK,Lotus,8053.94,88,62733
958,LXGDPHJTV,Red Bull,1194.36,200,24637
294,TGUOUPDZZ,Aramco,8739.39,138,60057
241,HAUYRCTER,Mercedes-Benz,5620.88,101,70940
400,BNSYTUQJD,Chevrolet,5112.93,50,99122
865,OVIGMDLKW,Texaco,961.78,118,27861
284,SOFFBTCEN,Alfa Romeo,1157.74,57,42986
422,JAWGFUERX,Volkswagen,1493.80,19,12441
384,OEPNQUNBL,Williams,6289.67,74,48938
412,BSSBPFUZR,Mazda,3100.38,158,63160
745,GSNKRLXQC,Bridgestone,2461.06,172,58444
979,TSGLOPFIP,Ford,6370.45,103,85615
319,SWYDWZCGS,Lotus,6696.11,129,51766
983,EQVBIWGOD,Maserati,2059.18,82,14094
485,NBUJLARVP,Red Bull,2571.16,27,9986
247,SFRJTFJTV,Petronas,7448.09,118,75927
71,GATGXCVXT,Brembo,8342.30,36,47270
829,UDMSDEIOI,Alfa Romeo,9040.38,198,26851
844,HIIIWZYGB,Red Bull,9243.23,49,25813
965,JNLJIHOWV,Jeep,5477.58,167,11078
231,ETMJXOUYQ,Subaru,7702.65,102,18949
45,KXNYAUCUR,Honda,5973.32,141,63166
909,ECRNVZXNB,Aramco,7771.03,143,34475
217,GTRVWHWUF,Alfa Romeo,422.21,8,59430
276,UIWPQXHDV,Monster,3530.09,2,83852
763,BNOQIBSZR,Volkswagen,6501.54,185,58324
70,WPEXPPCUS,Goodyear,8165.97,166,58609
150,GGXUUFCDX,Mercedes-Benz,7687.31,19,64187
834,KELHRGNCT,Hyundai,960.02,87,45258
635,XBEMJXKXI,Mazda,8330.32,65,23682
161,WBDAIMMFW,Petronas,2529.72,15,10081
268,SDMRSZZAT,Monster,3139.19,163,49498
861,CONYWIFTS,Ferrari,4882.70,91,51449
488,SULGHONHL,Mercedes-Benz,5005.91,7,64989
175,NAMXBCEEX,Bridgestone,8704.19,92,53008
833,REWKZXAZN,Aramco,88.24,22,1082
337,SDPTTBCON,Jeep,448.19,82,56145
746,OEEVCBWAK,Maserati,1000.64,162,97113
350,KSHHBQEKO,Ferrari,1321.52,46,97552
248,OOVPESWCS,Monster,2039.41,186,19846
218,JKNKSOFYS,Hyundai,1578.13,143,36331
659,RMUEMEDGE,Porsche,163.18,67,4047
101,LEEATYGIG,Lamborghini,6348.79,151,22597
410,LRIMRHUTV,Alfa Romeo,5349.47,193,43178
498,JEOSQCMLC,Audi,4946.24,116,47804
556,HJCBHYCXH,Jaguar,7659.47,173,99898
592,GGAAECQYG,Red Bull,7898.50,51,30217
605,TWKKQOERQ,Koenigsegg,6709.80,143,20746
343,YCJEAFBUG,Alfa Romeo,6132.34,16,65014
577,LDWXPVDYZ,Land Rover,5025.82,183,78787
899,JSEZUFVRH,Dodge,3917.92,43,8526
432,NBCCGCHTX,Bugatti,9827.10,81,83607
156,VHUFEPHUM,Alfa Romeo,7454.90,152,48654
165,WEDKUEHKY,McLaren,6001.18,25,7881
937,FCSZCLJNM,Subaru,8183.41,4,2975
261,WXNDUNFVM,Oracle,8408.19,176,20581
138,UCNIUKANR,Red Bull,8149.98,98,14967
656,NVDYDCQST,Ford,2987.77,168,94582
172,KFQHZXLWP,Peugeot,3886.33,43,10868
141,DAMEYNPKE,Mercedes-Benz,4378.26,153,24067
581,IAFDNDDFV,Dodge,7717.54,1,10495
29,YNQHFNMIG,Jeep,2063.92,50,51950
280,LZIJVILUZ,Jeep,2009.20,142,51448
802,QWHTFUIEZ,Lotus,9298.86,86,29162
460,EGLTBDNVL,Aston Martin,7994.10,76,46852
586,WPYIXDSMX,Lotus,1545.59,15,15465
713,RIDOMPXWY,Koenigsegg,5434.72,30,89507
396,HLDGSRULB,Citroën,2504.07,163,29387
309,BRTUBHZCK,Ford,966.32,156,83662
526,TGQADWJRT,Citroën,7395.11,81,65539
76,DGUKYAMEY,Porsche,8224.44,179,83574
205,FNVKRZBDF,Audi,4697.88,152,65920
288,OFJCPNHBQ,Lotus,9840.49,127,99091
731,BJITJIDJA,Land Rover,7743.19,23,49484
322,JGWNVCKYN,Koenigsegg,500.44,184,76971
862,ODOGLGWIW,Volvo,1398.21,43,61226
287,TCTZHMTOO,Land Rover,6103.20,195,92457
924,NEUSSCHBA,Goodyear,5539.24,187,31777
489,UKTXBZKSS,Dodge,9825.89,135,32019
473,DOBMAWKBG,BMW,2988.25,65,23650
386,NKDQEUWUH,Alfa Romeo,2346.62,59,76189
326,UBYEAAORS,Volvo,5201.28,28,66456
906,HCXZKTPKL,Monster,8719.52,11,54631
947,XYEWAJTOH,Red Bull,1916.20,118,12119
999,BTHRZPXLL,Chevrolet,979.30,196,17095
915,DSPHQTICA,Mercedes-Benz,7478.19,105,29831
333,PPKXAZEIB,Brembo,4494.29,24,93105
492,ECPUUHSPH,Land Rover,4473.66,100,88382
630,KHKPMFGET,McLaren,3211.32,141,79454
722,WPLRAXCQQ,Goodyear,1120.79,98,59723
755,GZAEPJRID,Porsche,9938.11,99,40284
202,OWZDZEATR,Land Rover,7896.50,12,68631
863,TFWTOAHDY,Pirelli,5128.16,159,65918
951,GIRZHHIDX,Aston Martin,8573.17,22,5389
838,YNQIYJMFJ,Subaru,3225.06,164,89274
62,VJJBTTOFZ,Renault,5294.17,167,40445
179,GMTXZZLJW,Mercedes-Benz,7299.36,136,22997
183,OFZVXZVCC,Bridgestone,887.41,134,21806
923,FTCAGIKJO,Aramco,7566.70,106,59456
986,KRDPDKJMH,Bridgestone,7436.12,28,80022
651,DFKAYCBYF,Goodyear,8424.47,46,95160
888,KJJLEXJFH,Citroën,4341.28,159,73430
206,MCUECINVE,Pagani,7441.07,71,43855
922,IPJWVQSQT,Volkswagen,7716.48,169,65466
765,IKNQNQEDI,Kia,8503.26,125,63093
32,IBTLSXKQX,Dodge,9105.18,131,18461
414,EBIGHJYBN,Peugeot,3742.78,176,62980
576,TTRHJBXKW,Chevrolet,3539.72,79,24983
875,IMZLQIBJJ,BMW,4868.30,127,76108
176,ZGYOPGGBW,Volkswagen,857.43,138,59106
981,ZCGHXZAEN,Nissan,629.25,191,53427
854,IBYJLZUED,Hyundai,3805.62,88,69813
361,VXYDZYXBE,Aston Martin,8111.63,126,74825
134,FYJQDIAVJ,Williams,2271.35,193,95592
932,WISTQYAAJ,Petronas,586.80,100,62420
935,TJLYKCJIF,Honda,8257.00,97,87076
871,CDQPHXBIM,Aramco,8515.68,108,94050
510,QPDXACGRL,Koenigsegg,9194.23,19,33985
433,JNGUVAIZS,Volvo,2096.68,73,77497
203,EPKFKHALX,Pirelli,4168.36,139,68558
475,YSJGVMVXB,Porsche,471.29,12,14278
821,OYGEISMTR,Kia,7791.19,28,23954
360,YAEPIVGQX,Goodyear,3349.77,84,98657
682,LCLFLCWMO,Monster,9893.78,15,65849
599,UZKYRVZZW,Ferrari,1057.86,63,46710
867,CKZHXPCHV,Lotus,2028.63,149,35518
864,GHMKVAPJG,Citroën,9663.93,75,36096
955,YVLCSUDPP,Jeep,1002.78,47,72516
10,ATWJWDXNG,Porsche,2103.58,103,50250
37,FBZXKNSZV,Red Bull,1035.04,198,17027
82,PZOMHUMXX,Land Rover,3912.00,9,68392
323,QLLZODOEH,Texaco,3395.38,143,41496
143,FXRLAUNOY,Mazda,8245.65,20,65570
451,HWNRWOTMX,Michelin,313.43,70,83709
762,ILLEDLEQF,Bridgestone,858.64,33,36691
132,XIQBPHSDK,Ford,8274.43,158,46776
236,MOKMJZNWB,Koenigsegg,3374.55,123,52282
509,GHSAPRZFH,Castrol,1278.04,36,70323
814,ALSFFQJPV,Chevrolet,9205.67,61,28284
792,CQMDFCYJT,BMW,5001.72,96,57370
444,YKDWKOEJP,Aramco,4492.68,139,42033
385,HTIYSUKGV,Audi,1741.32,72,97780
7,EVCFVGLTR,Alfa Romeo,6487.03,163,23741
57,MHNKRVYFF,Aston Martin,6314.11,198,69900
565,YZSSXRDIU,Brembo,907.66,189,81484
31,QYZPUXEMG,Mercedes-Benz,4962.16,189,17969
239,FTKNASFMC,Haas,3544.77,176,94691
515,ORMXKBLYE,Nissan,60.74,134,33405
114,TQVQUKHWF,Audi,2619.50,91,71947
79,YFFAUWLBO,Michelin,7742.25,112,45406
468,DEEZJVPGU,Ferrari,2227.22,6,37751
990,ZVCMKCUHQ,Williams,7031.65,64,20674
187,HPUHHFODI,Aston Martin,7672.34,97,7622
160,IYJBURWMO,Peugeot,3497.20,175,91002
601,DXPWALWNJ,Ford,6659.68,138,95687
246,VFWYNVYTQ,Subaru,3918.15,110,57904
882,IEAYKAUXV,Porsche,4978.53,79,60202
532,KNGJRDEZA,Volvo,7442.25,118,29909
904,UQYQIAVUW,Lamborghini,5706.98,45,30270
163,BVQUGOXMR,Aramco,2529.12,172,40465
105,WGJSINMPY,Honda,9080.78,158,37719
144,JCQMASOOZ,Sauber,2330.32,179,75524
729,YJASQMCMJ,Nissan,7212.98,159,18417
455,FLIHESJKS,Chevrolet,2474.73,60,79954
477,ATZUSZNDH,Bosch,5480.72,93,65624
330,KGLMNMWFJ,Land Rover,8386.69,51,35222
869,FJZMRBZQI,Bridgestone,9555.41,56,26869
931,DZXCKSLXR,Citroën,3894.02,128,18520
9,INACZGZBO,Chevrolet,4603.47,196,68786
896,SNREGHEUF,Mazda,1284.40,53,83744
355,BTRSVNKAU,Michelin,561.07,80,18634
920,HTTACKXHF,Maserati,6285.68,115,32538
778,AFSMMJXBJ,Lamborghini,9855.82,140,29553
428,PZRJYVVNH,Land Rover,3170.61,125,91400
113,ZRSOESTXI,Ford,3524.70,168,63573
824,EKVJVDHLF,Aramco,289.22,170,26640
28,QVMSRKFFY,Toyota,5704.01,95,69723
378,MAQQCYFTF,Peugeot,7256.01,48,24631
182,IKHFPHDOH,Haas,5597.43,126,51816
752,AVDYQFZWP,Monster,8829.88,90,34347
456,BJGASCZEL,McLaren,4704.36,145,36443
367,GJUSWUPIZ,Goodyear,7790.04,98,12126
525,VHPQVVPMC,Renault,9004.40,190,14501
856,XNZVPHWPS,Mazda,6266.43,135,1689
602,HITPTFPHL,Kia,1675.95,98,8410
435,CFHWBSJKN,Bridgestone,403.66,192,36869
177,ELIXCVXOU,Bridgestone,7552.08,105,63282
372,TSFYSFWPM,Mobil 1,1011.99,196,61829
394,OOQITCWWD,Subaru,4913.01,128,80776
408,YIBMIMZVH,Maserati,1683.04,16,7544
766,WCAUGZHHA,Honda,153.76,40,3657
683,ZGRPMMJWA,Audi,9474.13,198,57208
536,TJOJDWAGV,Mercedes-Benz,6683.93,16,92953
927,CIIUBVNXC,Audi,7447.07,79,51151
564,QHMTSGZZR,McLaren,7874.58,144,68524
257,OIWHPBCZQ,Audi,357.98,61,29752
753,HNTSRHFNB,Nissan,4776.42,137,78368
585,HIAUQRNKC,Bugatti,7471.04,46,39699
728,POZTVUEWE,Porsche,7356.72,113,6052
991,QGHACCRJR,Jaguar,6480.72,127,80020
546,WRZMPXABW,Alfa Romeo,7002.15,161,14860
345,OIFUKFZTK,Volvo,1860.04,164,54038
20,VGSWJUVRC,Pagani,1530.12,35,39004
692,KUPMOPAIP,Brembo,3982.98,29,76038
335,MJVLYMCIK,Sauber,1358.35,175,91418
188,CZDJLECNZ,Toyota,9665.05,129,4198
706,QTBNRMDOC,Jaguar,4157.99,83,42831
901,QOOKHZCLY,Volkswagen,9134.48,179,50148
872,UJRHPTLIF,Maserati,9743.61,193,21125
673,JQVFVSTEG,Toyota,8738.92,55,58751
46,YAAWLUEZY,Sauber,7889.17,108,3452
100,GAYKQOXIL,Williams,7765.57,166,57324
907,GKRCFKRON,Williams,5008.32,131,76540
895,JIHOVOLNX,Volvo,7263.47,32,8489
691,XARKSAVVK,Nissan,3278.33,64,2700
618,FMYVHYOET,Bugatti,1355.26,6,53694
274,ZSLXJWWDX,Mazda,2487.26,85,4506
281,AUITPDFKR,Brembo,1490.64,187,92627
316,TGPVPTHZH,Pirelli,6737.93,92,21923
117,YMDCTUPET,Brembo,8183.07,117,22843
925,NRUFUBAYB,Aramco,751.81,171,39602
107,RETFAPNLJ,Land Rover,3208.26,3,97751
689,GJAIVGXVH,Maserati,7886.62,187,93804
758,YFCKFVPOA,Williams,7855.14,190,89134
593,ZJONUYGUE,Oracle,7432.33,16,53091
721,KFWUYQFQZ,Mercedes-Benz,1445.76,155,5884
54,ESHHMTDUJ,Jeep,8421.93,109,98184
735,QHYZRIVYL,Peugeot,4156.57,161,84179
797,QDFDPYCAP,Lotus,5038.64,17,56917
490,SYTACLWPT,Sauber,3079.02,166,23814
128,UORQEZCDJ,Dodge,1504.63,72,77913
63,CQFDDODWH,Land Rover,7876.14,20,24050
779,TSBDSVCAX,Pirelli,3353.83,150,90364
74,GCEYDCCXH,Lamborghini,5849.91,66,2332
465,WHEDNQAJJ,Ford,3945.17,51,72489
879,TSSUIXGDZ,Lamborghini,9572.07,184,52423
259,XCBZIPJEY,Pagani,7850.97,17,4904
317,YXITOJKWP,BMW,8721.92,127,90118
302,UOBWPXRBY,Shell,1943.19,59,91266
786,RAULJUUGM,Bridgestone,3915.55,55,37912
487,ELRTEFWBQ,Maserati,7997.39,137,48539
111,YFSQSRKLD,Ferrari,8391.36,178,51980
445,WHVKALXDT,Sauber,9948.54,134,17355
244,XYGVGHMGP,Bosch,166.08,86,47206
331,PGGAVVODB,Bosch,2270.23,70,34934
93,SDLUWWTGE,Jaguar,1141.20,19,7307
194,JUODCDEIW,Williams,9930.49,170,19112
897,BUUCLDKTR,Audi,6441.09,26,98692
221,IPFAQBRLR,Jeep,1831.79,45,59530
989,VPEORRVYX,McLaren,3733.87,33,54571
388,WGEBVTNZL,Bosch,8266.59,154,13338
818,EBLYMHLKF,Ferrari,1833.38,23,16746
30,DXYYTOTHI,Michelin,660.52,148,77472
429,OKMYWCHCU,Haas,1038.79,185,31322
660,XFRZQTAHL,Jaguar,737.11,166,32646
803,ZQGEKPWMD,Bosch,5000.85,57,15767
399,GPSEBMNRF,Chevrolet,5340.60,85,88025
267,SGXVGJGNZ,Citroën,3521.59,14,78935
573,YJPYUQDAX,Shell,9611.25,90,46311
793,GOJRACKZG,Monster,2040.95,30,35787
866,LIVRIDYUO,Volkswagen,6973.60,6,59048
106,BCKCXBSTT,BMW,2310.33,127,55323
133,JCCKFXLMF,Nissan,7094.77,194,83856
813,JQEIMZLCV,Hyundai,1220.28,193,19564
251,ZECQJSOSN,Volvo,3474.90,148,86736
622,HQTPTGWHS,Land Rover,7840.33,131,68157
502,IVRKCAWDE,Monster,7099.89,56,60157
968,BLYFLZCDO,Honda,1027.99,165,61240
91,KZJGVOVEJ,Lamborghini,9283.54,9,47002
291,IXETVYBYH,Koenigsegg,9353.19,40,8247
807,WJAAGHEMX,Sauber,1577.68,50,66008
450,DNFZSTUHI,Honda,5838.60,29,71258
857,UBOHPNQFQ,Lotus,2062.86,29,62771
491,ROHHQESLB,Toyota,702.12,14,86902
21,XRKHKTMHR,Honda,1802.45,96,50057
341,VWSZFINBH,Ford,620.13,163,44666
230,ANHXLKSJD,Castrol,3579.10,138,73268
67,PFBTMQXSA,Castrol,6211.56,172,22195
665,EWPPGPSER,Volkswagen,7671.70,47,42067
563,XJJBDDRAI,Jaguar,1955.25,150,47860
670,UALKYYIOZ,Williams,7649.66,1,43088
664,GHNRXYBKG,Mazda,7691.73,160,8910
663,ABXCNMWXY,Jaguar,7459.47,11,30242
124,ZTCCXGIHK,Koenigsegg,9155.17,32,54129
902,ADMUFAWSX,Peugeot,9276.55,89,73657
720,LLORFLTSB,Kia,9373.56,165,4914
695,HCFFYBKYX,Brembo,5031.01,128,61773
110,GBEEMCSFU,Lotus,5017.59,29,79038
678,BHGHZLCLC,McLaren,8232.00,151,31943
357,OCKRPNKIH,Mercedes-Benz,3674.07,62,27676
637,SKBUQAXVN,Dodge,8039.86,190,56393
667,TLYNLEJCV,Alfa Romeo,7550.81,149,44831
524,EGMVUZWMH,Red Bull,217.14,158,22198
972,MTEAPIRPH,Ferrari,4180.22,172,92980
23,UXXCLUVVB,Renault,6201.18,79,35468
788,JIKXUDZOQ,Bosch,1500.83,126,17033
351,UMIOXNGPM,Jaguar,5268.83,107,23678
940,IWEHADAQM,Oracle,6018.38,157,73416
698,USYPDFBWR,Jeep,6301.47,124,45461
883,OBZOAABHP,Maserati,673.37,119,32889
963,VDMMCBHFA,Williams,6093.76,90,37761
777,SXGBFVUGL,Lotus,6279.05,182,20670
467,ERZDVVMAY,Ferrari,9205.56,38,67981
649,PZABDJLBO,Mercedes-Benz,5548.67,45,36422
978,GWKNGGCAE,Shell,3487.63,117,46648
520,WZZBIOAWX,Alfa Romeo,4286.09,113,63663
918,PUCVERNIG,Lamborghini,7812.51,74,96785
374,UYGWECOJA,Volkswagen,8836.02,58,44576
992,CDKSLLNPX,Citroën,9406.59,167,66951
237,IPKILDEEH,Haas,3621.90,75,4807
41,VFUUECKAT,Kia,9936.71,123,88235
147,GVVCXDDZW,Pagani,8561.69,77,65622
505,MTWDPRXKC,Jaguar,3960.14,109,7808
229,CLBADTTMP,Haas,8779.54,170,26448
726,TKBILZNGA,Peugeot,5914.92,39,47100
191,GJOOWKUUT,Porsche,672.32,31,15403
874,UHIHRDQIM,Castrol,784.47,110,63003
27,VDBSWPVEF,Lotus,8914.91,151,16558
223,EDSCTCTYC,Williams,5262.52,147,33467
